<?xml version='1.0' encoding='utf-8'?>
<!--
  ~ Hibernate, Relational Persistence for Idiomatic Java
  ~
  ~ Copyright (c) 2010, Red Hat Inc. or third-party contributors as
  ~ indicated by the @author tags or express copyright attribution
  ~ statements applied by the authors.  All third-party contributions are
  ~ distributed under license by Red Hat Inc.
  ~
  ~ This copyrighted material is made available to anyone wishing to use, modify,
  ~ copy, or redistribute it subject to the terms and conditions of the GNU
  ~ Lesser General Public License, as published by the Free Software Foundation.
  ~
  ~ This program is distributed in the hope that it will be useful,
  ~ but WITHOUT ANY WARRANTY; without even the implied warranty of MERCHANTABILITY
  ~ or FITNESS FOR A PARTICULAR PURPOSE.  See the GNU Lesser General Public License
  ~ for more details.
  ~
  ~ You should have received a copy of the GNU Lesser General Public License
  ~ along with this distribution; if not, write to:
  ~ Free Software Foundation, Inc.
  ~ 51 Franklin Street, Fifth Floor
  ~ Boston, MA  02110-1301  USA
  -->
<!DOCTYPE hibernate-configuration PUBLIC
        "-//Hibernate/Hibernate Configuration DTD 3.0//EN"
        "http://www.hibernate.org/dtd/hibernate-configuration-3.0.dtd">

<hibernate-configuration>

    <session-factory>

        <!-- Database connection settings -->
        <property name="connection.driver_class">org.postgresql.Driver</property>
        <property name="connection.url">jdbc:postgresql://mbuland-wsl/trellogus_oauth</property>
        <property name="connection.username">trellogususer</property>
        <property name="connection.password">L1nuxRocks!</property>

        <!-- JDBC connection pool (use the built-in) -->
        <property name="connection.pool_size">10</property>

        <!-- SQL dialect -->
        <property name="dialect">org.hibernate.dialect.PostgreSQLDialect</property>

        <!-- Disable the second-level cache  -->
        <property name="cache.provider_class">org.hibernate.cache.internal.NoCacheProvider</property>

        <!-- Echo all executed SQL to stdout -->
        <!-- <property name="show_sql">true</property> -->

        <property name="hibernate.temp.use_jdbc_metadata_defaults">false</property>

        <!-- Drop and re-create the database schema on startup -->
        <!-- <property name="hbm2ddl.auto">create</property> -->

        <!-- Names the annotated entity class -->
        <mapping class="com.sfdc.gus.config.GlobalKVConfig"/>

        <mapping class="com.sfdc.gus.config.ProjectConfig"/>
        <mapping class="com.sfdc.gus.config.GusLogin"/>
        <mapping class="com.sfdc.gus.config.TrelloLogin"/>

        <mapping class="com.sfdc.gus.config.ProductListMapping"/>
        <mapping class="com.sfdc.gus.config.GusStatus"/>

        <mapping class="com.sfdc.gus.config.GusProduct"/>
        <mapping class="com.sfdc.gus.config.GusTeam"/>
        <mapping class="com.sfdc.gus.config.ExtraTeamAssociation"/>

        <mapping class="com.sfdc.gus.config.TrelloBoard"/>
        <mapping class="com.sfdc.gus.config.TrelloList"/>

        <mapping class="com.sfdc.gus.config.FilterSet"/>
        <mapping class="com.sfdc.gus.config.FilterItem"/>

    </session-factory>

</hibernate-configuration>
